michael jacksons greatest hits	123123	michael jackson	michaels formula 1 victories$@#michael jordan height
michael slater test runs	5234231	michael slater	michael jordan height$@#when did michael jackson release thriller$@#shawn michaels wwe world championships
michael bevan odi average	63826	michael bevan	rodney bevans orchestra display$@#michael slaters odi average
michael jacksons thriller soundtrack 	123123	michael jackson	michaels phelps olympic record$@#michael peter bethany school captain
what was bevans test record	63826	michael bevan	alvin and the chipmunks$@#michael thompsons campaign strategy
michael jacksons greatest hits	123123	michael jackson	michaels formula 1 victories$@#michael jordan height
michael slater test runs	5234231	michael slater	michael jordan height$@#when did michael jackson release thriller$@#shawn michaels wwe world championships
michael bevan odi average	63826	michael bevan	rodney bevans orchestra display$@#michael slaters odi average
michael jacksons thriller soundtrack 	123123	michael jackson	michaels phelps olympic record$@#michael peter bethany school captain
what was bevans test record	63826	michael bevan	alvin and the chipmunks$@#michael thompsons campaign strategy
michael jacksons greatest hits	123123	michael jackson	michaels formula 1 victories$@#michael jordan height
michael slater test runs	5234231	michael slater	michael jordan height$@#when did michael jackson release thriller$@#shawn michaels wwe world championships
michael bevan odi average	63826	michael bevan	rodney bevans orchestra display$@#michael slaters odi average
michael jacksons thriller soundtrack 	123123	michael jackson	michaels phelps olympic record$@#michael peter bethany school captain
what was bevans test record	63826	michael bevan	alvin and the chipmunks$@#michael thompsons campaign strategy
michael jacksons greatest hits	123123	michael jackson	michaels formula 1 victories$@#michael jordan height
michael slater test runs	5234231	michael slater	michael jordan height$@#when did michael jackson release thriller$@#shawn michaels wwe world championships
michael bevan odi average	63826	michael bevan	rodney bevans orchestra display$@#michael slaters odi average
michael jacksons thriller soundtrack 	123123	michael jackson	michaels phelps olympic record$@#michael peter bethany school captain
what was bevans test record	63826	michael bevan	alvin and the chipmunks$@#michael thompsons campaign strategy
michael jacksons greatest hits	123123	michael jackson	michaels formula 1 victories$@#michael jordan height
michael slater test runs	5234231	michael slater	michael jordan height$@#when did michael jackson release thriller$@#shawn michaels wwe world championships
michael bevan odi average	63826	michael bevan	rodney bevans orchestra display$@#michael slaters odi average
michael jacksons thriller soundtrack 	123123	michael jackson	michaels phelps olympic record$@#michael peter bethany school captain
what was bevans test record	63826	michael bevan	alvin and the chipmunks$@#michael thompsons campaign strategy
michael jacksons greatest hits	123123	michael jackson	michaels formula 1 victories$@#michael jordan height
michael slater test runs	5234231	michael slater	michael jordan height$@#when did michael jackson release thriller$@#shawn michaels wwe world championships
michael bevan odi average	63826	michael bevan	rodney bevans orchestra display$@#michael slaters odi average
michael jacksons thriller soundtrack 	123123	michael jackson	michaels phelps olympic record$@#michael peter bethany school captain
what was bevans test record	63826	michael bevan	alvin and the chipmunks$@#michael thompsons campaign strategy
michael jacksons greatest hits	123123	michael jackson	michaels formula 1 victories$@#michael jordan height
michael slater test runs	5234231	michael slater	michael jordan height$@#when did michael jackson release thriller$@#shawn michaels wwe world championships
michael bevan odi average	63826	michael bevan	rodney bevans orchestra display$@#michael slaters odi average
michael jacksons thriller soundtrack 	123123	michael jackson	michaels phelps olympic record$@#michael peter bethany school captain
what was bevans test record	63826	michael bevan	alvin and the chipmunks$@#michael thompsons campaign strategy
michael jacksons greatest hits	123123	michael jackson	michaels formula 1 victories$@#michael jordan height
michael slater test runs	5234231	michael slater	michael jordan height$@#when did michael jackson release thriller$@#shawn michaels wwe world championships
michael bevan odi average	63826	michael bevan	rodney bevans orchestra display$@#michael slaters odi average
michael jacksons thriller soundtrack 	123123	michael jackson	michaels phelps olympic record$@#michael peter bethany school captain
what was bevans test record	63826	michael bevan	alvin and the chipmunks$@#michael thompsons campaign strategy
michael jacksons greatest hits	123123	michael jackson	michaels formula 1 victories$@#michael jordan height
michael slater test runs	5234231	michael slater	michael jordan height$@#when did michael jackson release thriller$@#shawn michaels wwe world championships
michael bevan odi average	63826	michael bevan	rodney bevans orchestra display$@#michael slaters odi average
michael jacksons thriller soundtrack 	123123	michael jackson	michaels phelps olympic record$@#michael peter bethany school captain
what was bevans test record	63826	michael bevan	alvin and the chipmunks$@#michael thompsons campaign strategy
michael jacksons greatest hits	123123	michael jackson	michaels formula 1 victories$@#michael jordan height
michael slater test runs	5234231	michael slater	michael jordan height$@#when did michael jackson release thriller$@#shawn michaels wwe world championships
michael bevan odi average	63826	michael bevan	rodney bevans orchestra display$@#michael slaters odi average
michael jacksons thriller soundtrack 	123123	michael jackson	michaels phelps olympic record$@#michael peter bethany school captain
what was bevans test record	63826	michael bevan	alvin and the chipmunks$@#michael thompsons campaign strategy
michael jacksons greatest hits	123123	michael jackson	michaels formula 1 victories$@#michael jordan height
michael slater test runs	5234231	michael slater	michael jordan height$@#when did michael jackson release thriller$@#shawn michaels wwe world championships
michael bevan odi average	63826	michael bevan	rodney bevans orchestra display$@#michael slaters odi average
michael jacksons thriller soundtrack 	123123	michael jackson	michaels phelps olympic record$@#michael peter bethany school captain
what was bevans test record	63826	michael bevan	alvin and the chipmunks$@#michael thompsons campaign strategy
michael jacksons greatest hits	123123	michael jackson	michaels formula 1 victories$@#michael jordan height
michael slater test runs	5234231	michael slater	michael jordan height$@#when did michael jackson release thriller$@#shawn michaels wwe world championships
michael bevan odi average	63826	michael bevan	rodney bevans orchestra display$@#michael slaters odi average
michael jacksons thriller soundtrack 	123123	michael jackson	michaels phelps olympic record$@#michael peter bethany school captain
what was bevans test record	63826	michael bevan	alvin and the chipmunks$@#michael thompsons campaign strategy
michael jacksons greatest hits	123123	michael jackson	michaels formula 1 victories$@#michael jordan height
michael slater test runs	5234231	michael slater	michael jordan height$@#when did michael jackson release thriller$@#shawn michaels wwe world championships
michael bevan odi average	63826	michael bevan	rodney bevans orchestra display$@#michael slaters odi average
michael jacksons thriller soundtrack 	123123	michael jackson	michaels phelps olympic record$@#michael peter bethany school captain
what was bevans test record	63826	michael bevan	alvin and the chipmunks$@#michael thompsons campaign strategy
michael jacksons greatest hits	123123	michael jackson	michaels formula 1 victories$@#michael jordan height
michael slater test runs	5234231	michael slater	michael jordan height$@#when did michael jackson release thriller$@#shawn michaels wwe world championships
michael bevan odi average	63826	michael bevan	rodney bevans orchestra display$@#michael slaters odi average
michael jacksons thriller soundtrack 	123123	michael jackson	michaels phelps olympic record$@#michael peter bethany school captain
what was bevans test record	63826	michael bevan	alvin and the chipmunks$@#michael thompsons campaign strategy
michael jacksons greatest hits	123123	michael jackson	michaels formula 1 victories$@#michael jordan height
michael slater test runs	5234231	michael slater	michael jordan height$@#when did michael jackson release thriller$@#shawn michaels wwe world championships
michael bevan odi average	63826	michael bevan	rodney bevans orchestra display$@#michael slaters odi average
michael jacksons thriller soundtrack 	123123	michael jackson	michaels phelps olympic record$@#michael peter bethany school captain
what was bevans test record	63826	michael bevan	alvin and the chipmunks$@#michael thompsons campaign strategy
michael jacksons greatest hits	123123	michael jackson	michaels formula 1 victories$@#michael jordan height
michael slater test runs	5234231	michael slater	michael jordan height$@#when did michael jackson release thriller$@#shawn michaels wwe world championships
michael bevan odi average	63826	michael bevan	rodney bevans orchestra display$@#michael slaters odi average
michael jacksons thriller soundtrack 	123123	michael jackson	michaels phelps olympic record$@#michael peter bethany school captain
what was bevans test record	63826	michael bevan	alvin and the chipmunks$@#michael thompsons campaign strategy
michael jacksons greatest hits	123123	michael jackson	michaels formula 1 victories$@#michael jordan height
michael slater test runs	5234231	michael slater	michael jordan height$@#when did michael jackson release thriller$@#shawn michaels wwe world championships
michael bevan odi average	63826	michael bevan	rodney bevans orchestra display$@#michael slaters odi average
michael jacksons thriller soundtrack 	123123	michael jackson	michaels phelps olympic record$@#michael peter bethany school captain
what was bevans test record	63826	michael bevan	alvin and the chipmunks$@#michael thompsons campaign strategy
michael jacksons greatest hits	123123	michael jackson	michaels formula 1 victories$@#michael jordan height
michael slater test runs	5234231	michael slater	michael jordan height$@#when did michael jackson release thriller$@#shawn michaels wwe world championships
michael bevan odi average	63826	michael bevan	rodney bevans orchestra display$@#michael slaters odi average
michael jacksons thriller soundtrack 	123123	michael jackson	michaels phelps olympic record$@#michael peter bethany school captain
what was bevans test record	63826	michael bevan	alvin and the chipmunks$@#michael thompsons campaign strategy
michael jacksons greatest hits	123123	michael jackson	michaels formula 1 victories$@#michael jordan height
michael slater test runs	5234231	michael slater	michael jordan height$@#when did michael jackson release thriller$@#shawn michaels wwe world championships
michael bevan odi average	63826	michael bevan	rodney bevans orchestra display$@#michael slaters odi average
michael jacksons thriller soundtrack 	123123	michael jackson	michaels phelps olympic record$@#michael peter bethany school captain
what was bevans test record	63826	michael bevan	alvin and the chipmunks$@#michael thompsons campaign strategy
michael jacksons greatest hits	123123	michael jackson	michaels formula 1 victories$@#michael jordan height
michael slater test runs	5234231	michael slater	michael jordan height$@#when did michael jackson release thriller$@#shawn michaels wwe world championships
michael bevan odi average	63826	michael bevan	rodney bevans orchestra display$@#michael slaters odi average
michael jacksons thriller soundtrack 	123123	michael jackson	michaels phelps olympic record$@#michael peter bethany school captain
what was bevans test record	63826	michael bevan	alvin and the chipmunks$@#michael thompsons campaign strategy
michael jacksons greatest hits	123123	michael jackson	michaels formula 1 victories$@#michael jordan height
michael slater test runs	5234231	michael slater	michael jordan height$@#when did michael jackson release thriller$@#shawn michaels wwe world championships
michael bevan odi average	63826	michael bevan	rodney bevans orchestra display$@#michael slaters odi average
michael jacksons thriller soundtrack 	123123	michael jackson	michaels phelps olympic record$@#michael peter bethany school captain
what was bevans test record	63826	michael bevan	alvin and the chipmunks$@#michael thompsons campaign strategy
michael jacksons greatest hits	123123	michael jackson	michaels formula 1 victories$@#michael jordan height
michael slater test runs	5234231	michael slater	michael jordan height$@#when did michael jackson release thriller$@#shawn michaels wwe world championships
michael bevan odi average	63826	michael bevan	rodney bevans orchestra display$@#michael slaters odi average
michael jacksons thriller soundtrack 	123123	michael jackson	michaels phelps olympic record$@#michael peter bethany school captain
what was bevans test record	63826	michael bevan	alvin and the chipmunks$@#michael thompsons campaign strategy